{"point_scr": [[601, 110], [1131, 109], [1142, 620]], "horizontal_line": [[100, 112], [1250, 112]], "vertical_line": [[516, 10], [516, 700]], "image_angle": 0.10000000000000002, "image_rotation_matrix": [[0.999997429045766, 0.0022675762077968165, -0.8146820240971265], [-0.0022675762077968165, 0.999997429045766, 1.4521743165141843]], "distortion_factor_y": 0.008999999999999987, "distortion_factor_x": -0.006, "board_left_rect": [[521, 30], [848, 700]], "board_right_rect": [[894, 28], [1226, 700]], "dice_center": [315, 196], "dice_radius": 103, "ignore_rects": [[[546, 276], [816, 469]], [[903, 279], [1180, 459]], [[1024, 353], [1122, 393]], [[611, 317], [722, 378]]], "slope": 47.33312225341797, "mmperpixel": [0.39592762914649854, 0.39215681581303424]}