{"point_scr": [[532, 46], [1184, 44], [1188, 670]], "horizontal_line": [[100, 112], [1250, 112]], "vertical_line": [[516, 10], [516, 700]], "image_angle": 0.10000000000000002, "image_rotation_matrix": [[0.9999894469178712, 0.004594132441516105, -1.6471337063833478], [-0.004594132441516105, 0.9999894469178712, 2.9440438721366853]], "distortion_factor_y": -0.0021000000000000628, "distortion_factor_x": 0.0020999999999998255, "board_left_rect": [[506, 21], [832, 697]], "board_right_rect": [[880, 20], [1202, 693]], "dice_center": [340, 193], "dice_radius": 88, "ignore_rects": [[[580, 297], [791, 436]], [[1172, 455], [1180, 459]], [[951, 327], [1182, 446]], [[716, 372], [722, 378]]], "slope": 156.5, "mmperpixel": [0.013159509202453986, 0.013157051282051283]}