{"point_scr": [[578, 109], [1109, 109], [1116, 620]], "horizontal_line": [[100, 112], [1250, 112]], "vertical_line": [[516, 10], [516, 700]], "image_angle": 0.10000000000000002, "distortion_factor_y": 0.008999999999999987, "distortion_factor_x": -0.006, "board_left_rect": [[521, 30], [848, 700]], "board_right_rect": [[894, 28], [1226, 700]], "dice_center": [315, 196], "dice_radius": 103, "ignore_rects": [[[546, 276], [816, 469]], [[903, 279], [1180, 459]], [[1024, 353], [1122, 393]], [[611, 317], [722, 378]]], "slope": 73.0, "mmperpixel": [0.3954802259887006, 0.3913894324853229]}